series_id,data_type,dataset_role,method,comparison,feature_id,logFC,AveExpr,t,P.Value,adj.P.Val,B,platform,standard_feature_id,gene_symbol,mirna_name,entrez_id,all_mapped_symbols,annotation_source,is_annotated,is_multi_mapped
GSE27430,miRNA,mirna_validation,limma,IPF_vs_Control,hsa-miR-127-3p,1.35586504711538,0.847603192,5.51262232020553,1.15102898942094e-05,0.0035298100993232,3.40690390733336,GPL8227,hsa-miR-127-3p,,hsa-miR-127-3p,,hsa-miR-127-3p,GPL8227_platform_table,True,False
GSE27430,miRNA,mirna_validation,limma,IPF_vs_Control,hsa-miR-154,1.13716606916667,0.6506569468,4.72221695532504,8.46038380859707e-05,0.0086824688835727,1.52402968723359,GPL8227,hsa-miR-154,,hsa-miR-154,,hsa-miR-154,GPL8227_platform_table,True,False
GSE27430,miRNA,mirna_validation,limma,IPF_vs_Control,hsa-miR-184,-2.58863487070513,-1.7802946236,-4.94095251277624,4.85704831972441e-05,0.0066460611174895,2.04793557489492,GPL8227,hsa-miR-184,,hsa-miR-184,,hsa-miR-184,GPL8227_platform_table,True,False
GSE27430,miRNA,mirna_validation,limma,IPF_vs_Control,hsa-miR-203,-1.77142818657051,-0.9574049266,-4.48116338577472,0.0001561077313101,0.0114935003892317,0.946137514107874,GPL8227,hsa-miR-203,,hsa-miR-203,,hsa-miR-203,GPL8227_platform_table,True,False
GSE27430,miRNA,mirna_validation,limma,IPF_vs_Control,hsa-miR-299-5p,1.20282725240385,0.467633455,4.45336869825813,0.0001675335211773,0.0114935003892317,0.879542020991968,GPL8227,hsa-miR-299-5p,,hsa-miR-299-5p,,hsa-miR-299-5p,GPL8227_platform_table,True,False
GSE27430,miRNA,mirna_validation,limma,IPF_vs_Control,hsa-miR-30b,-1.06407219487179,-0.596387068,-4.09970929498251,0.0004109515876167,0.0187439585240764,0.0348041626309445,GPL8227,hsa-miR-30b,,hsa-miR-30b,,hsa-miR-30b,GPL8227_platform_table,True,False
GSE27430,miRNA,mirna_validation,limma,IPF_vs_Control,hsa-miR-31,2.47480734407692,1.33301778792,4.20508483288107,0.0003146800913081,0.015337759672021,0.285813476411124,GPL8227,hsa-miR-31,,hsa-miR-31,,hsa-miR-31,GPL8227_platform_table,True,False
GSE27430,miRNA,mirna_validation,limma,IPF_vs_Control,hsa-miR-31*,1.97682195053846,1.94181632528,3.57512182293382,0.001533233179854,0.0381449830503092,-1.19803854361687,GPL8227,hsa-miR-31*,,hsa-miR-31*,,hsa-miR-31*,GPL8227_platform_table,True,False
GSE27430,miRNA,mirna_validation,limma,IPF_vs_Control,hsa-miR-326,-1.1133411651282,-0.5071884592,-4.58473421589391,0.0001199780653346,0.0109446657377522,1.19440103778607,GPL8227,hsa-miR-326,,hsa-miR-326,,hsa-miR-326,GPL8227_platform_table,True,False
GSE27430,miRNA,mirna_validation,limma,IPF_vs_Control,hsa-miR-338-3p,-1.80409840589744,-0.7618989144,-3.51656960471282,0.0017726651439402,0.0415816595192835,-1.333179224868,GPL8227,hsa-miR-338-3p,,hsa-miR-338-3p,,hsa-miR-338-3p,GPL8227_platform_table,True,False
GSE27430,miRNA,mirna_validation,limma,IPF_vs_Control,hsa-miR-369-5p,1.20753398365385,0.466566784,4.28131785037247,0.0002593493534019,0.0143794272913202,0.467827783309238,GPL8227,hsa-miR-369-5p,,hsa-miR-369-5p,,hsa-miR-369-5p,GPL8227_platform_table,True,False
GSE27430,miRNA,mirna_validation,limma,IPF_vs_Control,hsa-miR-375,-1.10318109134615,-0.6957881,-3.95993469764933,0.0005849869115897,0.0218306479279626,-0.296798583745439,GPL8227,hsa-miR-375,,hsa-miR-375,,hsa-miR-375,GPL8227_platform_table,True,False
GSE27430,miRNA,mirna_validation,limma,IPF_vs_Control,hsa-miR-382,1.65746006076923,1.3531033816,4.06919072864201,0.0004439342449943,0.0191826323758072,-0.0377420433186106,GPL8227,hsa-miR-382,,hsa-miR-382,,hsa-miR-382,GPL8227_platform_table,True,False
GSE27430,miRNA,mirna_validation,limma,IPF_vs_Control,hsa-miR-409-3p,1.27176021410256,0.907540218,5.21606702278253,2.42326090500208e-05,0.0049737430075167,2.70441232074925,GPL8227,hsa-miR-409-3p,,hsa-miR-409-3p,,hsa-miR-409-3p,GPL8227_platform_table,True,False
GSE27430,miRNA,mirna_validation,limma,IPF_vs_Control,hsa-miR-409-5p,1.14408376946154,0.92864596912,3.96236976318787,0.000581405691668,0.0218306479279626,-0.291037038062532,GPL8227,hsa-miR-409-5p,,hsa-miR-409-5p,,hsa-miR-409-5p,GPL8227_platform_table,True,False
GSE27430,miRNA,mirna_validation,limma,IPF_vs_Control,hsa-miR-410,1.5841075921859,0.69209312652,4.8694578263089,5.82212924129614e-05,0.0068285258672916,1.87682327911331,GPL8227,hsa-miR-410,,hsa-miR-410,,hsa-miR-410,GPL8227_platform_table,True,False
GSE27430,miRNA,mirna_validation,limma,IPF_vs_Control,hsa-miR-432,1.44203929814103,0.5352807792,4.45229165590776,0.0001679926975283,0.0114935003892317,0.876961793000614,GPL8227,hsa-miR-432,,hsa-miR-432,,hsa-miR-432,GPL8227_platform_table,True,False
GSE27430,miRNA,mirna_validation,limma,IPF_vs_Control,hsa-miR-487b,1.31099822639103,0.83264976364,5.46710906355025,1.2898209863544e-05,0.0035298100993232,3.2995192994819,GPL8227,hsa-miR-487b,,hsa-miR-487b,,hsa-miR-487b,GPL8227_platform_table,True,False
GSE27430,miRNA,mirna_validation,limma,IPF_vs_Control,hsa-miR-493*,1.98149223950641,1.12792825196,4.97147531373448,4.49567159402094e-05,0.0066460611174895,2.12093569598157,GPL8227,hsa-miR-493*,,hsa-miR-493*,,hsa-miR-493*,GPL8227_platform_table,True,False
GSE27430,miRNA,mirna_validation,limma,IPF_vs_Control,hsa-miR-495,1.23676528719231,0.63854841184,3.58275410171252,0.0015044533692759,0.0381449830503092,-1.18037775834651,GPL8227,hsa-miR-495,,hsa-miR-495,,hsa-miR-495,GPL8227_platform_table,True,False
GSE27430,miRNA,mirna_validation,limma,IPF_vs_Control,hsa-miR-654-3p,1.38506403021795,0.67384391088,6.23106575758604,1.95543436154136e-06,0.0016054116108254,5.07531242452352,GPL8227,hsa-miR-654-3p,,hsa-miR-654-3p,,hsa-miR-654-3p,GPL8227_platform_table,True,False
